Nhóm,STT,Tên trang phục,Giới tính,Nguồn gốc (ngắn gọn),Ý nghĩa (ngắn gọn),Đặc điểm,Hoàn cảnh sử dụng,Cách phối truyền thống,Cách phối hiện đại,Phối màu
Đại chúng & Dân tộc học cận - hiện đại,1,Áo dài tân thời,Dành cho nữ,"Dưới ảnh hưởng của văn hóa phương Tây, họa sĩ Lemur (Cát Tường) đã sáng tạo ra Áo dài cách tân bằng việc đổi mới kiểu dáng (cổ, tay áo) và sử dụng các chất liệu ngoại nhập (voan, ren, nhung, ngọc trai).

Nguồn: báo Phụ nữ Việt Nam","Ông Cát Tường cho rằng phần chính và cốt yếu trong bộ y phục: “Nó là cái quần...” cần được “thay đổi lối cắt kiểu may”: “Từ cạp đến đầu gối nên thu hẹp bớt để vừa khít với thân hình, như thế những vẻ đẹp thiên nhiên của từng người mới lộ ra được. Còn từ đầu gối trở xuống đến chân, hai ống quần lại phải may rộng dần ra để khi đi đứng cái dáng điệu của các bạn được tăng thêm vẻ nhẹ nhàng”.

Nguồn: báo Phụ nữ Việt Nam","Áo dài Lơ Muya (Lemur) trải qua hai giai đoạn thiết kế:
- Kiểu ban đầu (mang đậm phong cách châu Âu): Vai bồng, tay măng sét hoặc tay chun. Cổ áo khoét sâu viền đăng ten, hoặc cổ lá sen. Gấu áo cắt lượn sóng, đắp vải khác màu hoặc đính ren.
- Cải tiến năm 1939: Cổ áo đứng cao 1–2cm; tay thẳng may liền, cổ tay hẹp. Xuất hiện kiểu ""áo lé nẹp"".

Nguồn: sách Trang phục truyền thống của các dân tộc Việt Nam","- Khởi đầu phổ biến ở nữ sinh, phụ nữ tân thời chốn thành thị.
- Mặc trong mọi dịp: đi học, dạo phố, dự tiệc, lễ Tết.

Nguồn: sách Trang phục truyền thống của các dân tộc Việt Nam","Khi mặc áo dài, phụ nữ thường kết hợp đi guốc gỗ gót cao, nhọn, sơn mài hay sơn các màu vẽ hoa lá. Đồ trang sức đi kèm phổ biến là vòng tay bằng nhựa nhiều màu, nhẫn gắn mặt đá to, hoa tai vòng to, vòng đồng hoặc chuỗi hạt to đeo ở cổ.

Nguồn: sách Trang phục truyền thống của các dân tộc Việt Nam","- Trang phục: Áo lụa pastel nhẹ nhàng
- Quần: Quần tây ống loe (phong cách Y2K), quần dập ly nhuyễn, hoặc quần gấm dệt vân nổi đứng form.
- Giày: Sneaker trắng đế chunky (Converse Run Star Hike, Nike AF1), giày búp bê Mary Jane.
- Phụ kiện: Kính mát gọng chữ nhật, trang sức kim loại bạc bản nhỏ, túi kẹp nách (baguette bag) bằng da bóng, hoặc áo blazer oversize khoác hờ trên vai.","Mệnh Hỏa (Đỏ, Cam) và Thổ (Vàng, Nâu): Tương sinh quyền lực
Trong văn hóa cung đình, màu sắc được phân hạng nghiêm ngặt: Hoàng thái hậu dùng màu vàng (Thổ), trong khi Hoàng hậu dùng màu cam và Vương phi/Công chúa dùng màu đỏ hỏa lựu (Hỏa). Dựa trên nguyên lý Hỏa sinh Thổ và thuật toán phối màu (áo màu Đỏ gợi ý phụ kiện Vàng/Đen), bạn có thể khoác Đối khâm hoặc Phượng bào màu đỏ gạch bên ngoài, đi kèm túi xách hình hộp (box bag) màu vàng mustard. Sự kết hợp ""color block"" này vừa tạo hiệu ứng thị giác mạnh mẽ, vừa thuận theo quy luật tương sinh mang lại sự vượng khí.  
 Mệnh Thủy (Đen, Xanh sẫm): Phong cách Darkwear tối giản
Trang phục của tầng lớp bình dân xưa như Áo Tứ điên chủ yếu có màu sẫm (màu đen) do kỹ thuật nhuộm thâm. Ngoài ra, nữ giới thời xưa cũng thường phối Giao lĩnh với váy quây màu thâm đen (thường đen). Nhóm màu hành Thủy này đặc biệt phù hợp với phong cách All-Black hoặc Grunge. Hãy thử phối một chiếc Áo Tứ điên đen cùng quần cargo túi hộp đồng màu, tạo điểm nhấn bằng trang sức kim loại bạc bản to (Kim sinh Thủy). Cách phối này làm nổi bật cá tính mạnh mà vẫn giữ được sự tinh gọn.  
 Mệnh Mộc (Xanh lục) và Kim (Trắng, Bạc): Sự tương phản thanh lịch
Ghi chép lịch sử từng nhắc đến việc nam giới mặc áo Giao lĩnh thụng tay màu lục. Dựa trên nguyên tắc gợi ý màu sắc của ứng dụng (nếu áo Xanh, gợi ý phối Trắng), hãy dùng một chiếc Giao lĩnh xanh lục (Mộc) khoác ngoài áo phông trơn trắng (Kim). Mặc dù Kim khắc Mộc, nhưng trong quy tắc thời trang hiện đại, màu trắng đóng vai trò làm nền móng (neutral) hoàn hảo, giúp sắc xanh di sản bật lên mạnh mẽ, mang đến vẻ ngoài tươi sáng và trẻ trung."
,2,Áo ngũ thân tay chẽn,Dành cho cả nam và nữ ,"Áo ngũ thân (hay áo năm thân) là trang phục truyền thống của Việt Nam với hơn 300 năm lịch sử, ra đời từ quá trình Nam tiến. Loại áo này được Chúa Nguyễn Phúc Khoát định chế làm thường phục cho nhân dân Đàng Trong (năm 1744), sau đó được Hoàng đế Minh Mạng quy định làm trang phục chung cho cả nước. Trong giai đoạn 1837–1945, áo ngũ thân phổ biến khắp hai miền Nam Bắc và được xem là Quốc phục của người Việt.

Nguồn: Tập san Thời trang và Du lịch","- Năm thân áo tượng trưng cho tứ thân phụ mẫu và bản thân người mặc. 
- Năm chiếc khuy áo tượng trưng cho:
        + Năm phẩm chất quan trọng của bậc quân tử là: Nhân, lễ, nghĩa, trí, tín.
        + Ngũ luân, tức 5 mối quan hệ rường cột trong xã hội: Vua tôi, cha con, anh em, bạn bè, chồng vợ; 
        + Sự giao thoa của ngũ hành: Thổ, kim, thủy, mộc, hỏa. 

Nguồn: Tập san Thời trang và Du lịch","Là một biến cách của áo tứ thân
- Thân: được ghép lại bởi 5 mảnh vải (5 thân) bao gồm: 2 thân trước, 2 thân sau, 1 thân con nằm ở phía trước, bên phải người mặc. 
- Nút áo: áo ngũ thân có 5 nút, nút thứ 2 và nút 1 ở giữa cổ phải tạo thành đường thẳng vuông góc với đường trung phùng 
- Cổ áo: được dựng đứng có thể vuông vắn hoặc vạt tròn, ôm khít vào cổ
- Tay áo: được thu hẹp dần bắt đầu từ nách về phía cổ tay và ôm vào cổ tay

Nguồn: Tập san Thời trang và Du lịch ","Ban đầu là thường phục ở Đàng Trong (thời chúa Nguyễn Phúc Khoát), sau được vua Minh Mạng quy định áp dụng cho toàn quốc từ năm 1827. Loại áo này từng gắn liền với mọi mặt đời sống thường nhật, được mọi tầng lớp (từ nông dân đến vương tướng), mọi dân tộc và vùng miền sử dụng phổ biến trong tất cả các hoạt động từ lao động, sinh hoạt đến hội hè, giao tế.

Nguồn: WordPress.com","- Đi kèm với khăn vấn (quấn) hoặc khăn đóng.
- Mặc kèm với chiếc quần trắng ống rộng (xưa gọi là quần ống sớ) 
- Phối giày, hài, guốc mộc. 

Nguồn: WordPress.com","- Áo mặc bên trong: Áo thun cổ lọ thấp (mock-neck) cotton hoặc sơ mi cổ trụ ôm sát (ưu tiên màu trắng).
- Quần: Quần âu (baggy trousers) cạp cao, dập ly thẳng tắp (các tone màu trung tính như be, xám than, đen).
- Giày: Giày da Loafer đế dày (chunky loafers) đi kèm tất trắng cổ cao, hoặc giày thể thao form retro gầm thấp (Adidas Samba, Onitsuka).
- Phụ kiện: Túi tote canvas vuông vức in họa tiết graphic, túi xách form hộp cứng cáp, trâm cài tóc kim loại thiết kế hình học tối giản.",
,3,Áo tứ thân,Dành cho nữ ,"- Thời điểm xuất hiện: Theo truyền thuyết, áo tứ thân ra đời trong cuộc khởi nghĩa Hai Bà Trưng năm 40.
- Nguồn gốc tên gọi: Do Hai Bà Trưng mặc áo 2 tà giáp vàng, người dân để tỏ lòng tôn kính đã tránh mặc áo 2 tà mà chuyển sang mặc kiểu áo được ghép lại từ 4 miếng vải, từ đó hình thành nên tên gọi áo tứ thân.

Nguồn: Cơ sở văn hóa Việt Nam","Theo truyền thống vùng Kinh Bắc, hai tà áo trước tượng trưng cho nhà chồng, hai tà áo sau tượng trưng cho nhà vợ, còn chiếc yếm bên trong như vòng tay người mẹ che chở, bao bọc.

Nguồn: Inside Viet Nam","- Thân áo: Ghép từ 4 mảnh vải (khổ vải hẹp 40cm), dài gần chấm gót. Hai thân sau may nối giữa sống lưng. Hai thân trước để hở (lộ yếm màu cánh sen bên trong), có thể buông thõng, thắt lại trước bụng tạo dáng thon thả, hoặc buộc quặt ra sau lưng.
- Cổ áo: Viền hẹp khoảng 1 – 2 cm.
- Khuy: Không có khuy cài khít, áo được giữ bằng cách thắt hai vạt trước lại với nhau.
- Tay áo: May bó chặt.

Nguồn: Chuyên san KHXH & NV: Giá trị thẩm mỹ trong thiết kế trang phục áo dài phụ nữ truyền thống Việt Nam","- Được sử dụng như trang phục hàng ngày đến đầu thế kỷ XX. 
- Ngày nay, áo tứ thân chỉ được mặc trong các dịp lễ hội. Trên sân khấu truyền thống, áo tứ thân dùng cho các vai nữ nông thôn.

Nguồn: sách Trang phục truyền thống của các dân tộc Việt Nam","- Đi kèm với chiếc quần lĩnh đen và thắt lưng lụa màu. Đi cùng với chiếc áo tứ thân phải có chiếc yếm, khăn mỏ quạ, nón quai thao. Ngoài ra còn kèm theo cả guốc gỗ

Nguồn: sách Trang phục truyền thống của các dân tộc Việt Nam","- Áo mặc bên trong (thay cho yếm truyền thống): Áo cổ yếm (halter neck) ánh kim, yếm đính sequin, hoặc crop-top cổ yếm mang họa tiết graphic/màu sắc neon (mặc bên trong một lớp áo cánh mỏng).
- Quần / Váy đụp (phần thân dưới): Chân váy xếp ly lớn (pleated skirt) dáng bồng bằng vải taffeta hoặc quần ống sớ (palazzo pants) cực rộng.
- Giày: Bốt da hầm hố (như Dr. Martens) hoặc platform sandals gầm cao.
- Phụ kiện: Khuyên tai to bản, túi xách đan mây tre có form dáng hình khối hiện đại (túi hình quả cầu, túi bán nguyệt).",
,4,Áo bà ba,Dành cho cả nam và nữ ,"Áo bà ba có nguồn gốc từ khu vực Malaysia và Singapore, du nhập vào Việt Nam từ cuối thế kỷ 19. Ban đầu, trang phục này thuộc về cộng đồng người Bà-ba - một tộc người Hoa lai với người Mã Lai sinh sống ở các khu vực này. Đặc biệt, vải đen được nhập khẩu phổ biến, và người dân miền Nam rất ưa chuộng kiểu áo vải đen này của người Bà-ba, từ đó, họ gọi tên nó là ""áo bà ba"".

Nguồn: Pháp Phục Nguyên Dung","Tượng trưng cho hình ảnh của người phụ nữ Việt Nam kiên cường, mạnh mẽ trong các cuộc chiến tranh chống giặc và giữ nước. 

Nguồn: My tour","Áo không có cổ, thân áo phía sau may bằng một mảnh vải nguyên với thân trước gồm hai mảnh và ở giữa có hai dải khuy cài chạy dài từ trên xuống. Áo chít eo, xẻ tà vừa phải ở hai bên hông và có độ dài trùm qua mông.

Nguồn: Miss Saigon","Thường được sử dụng cho rất nhiều mục đích khác nhau như đồ biểu diễn văn nghệ, chụp hình kỷ yếu, lễ hội,...

Nguồn: Tài Lộc Wedding  ","Áo thường được phối kèm các phụ kiện như: Khăn rằn với họa tiết sọc vằn đen trắng hoặc đỏ, xanh; nón lá; quần sa tanh màu đen hoặc tối; guốc mộc.

Nguồn: Vải Phượng Thúy ","- Phối với Quần (Thay cho quần lụa đen truyền thống): Quần ống suông rộng cạp cao (Culottes/Palazzo), ưu tiên các màu sáng như trắng, kem, be.
- Túi xách: Túi kẹp nách hoặc túi nhỏ, túi xách đính ngọc trai/cườm.
- Trang sức phong cách tối giản: vòng cổ choker ngọc trai hạt nhỏ hoặc khuyên tai nụ ngọc trai.
- Kim loại mảnh: Dây chuyền sợi mảnh, khuyên tai khoen tròn nhỏ hoặc vòng tay bản mỏng (màu bạc hoặc vàng hồng).
- Đồng hồ: Đồng hồ dây kim loại bản nhỏ hoặc dây da thanh lịch.
- Phụ kiện tóc: Kẹp nơ lụa bản to, kẹp càng cua bằng kim loại có thiết kế cách điệu, uốn lượn.
- Giày dép: giày sục (Mules) bít mũi, gót thấp, sandal cao gót quai mảnh, giày búp bê mũi vuông hoặc mũi nhọn gót vuông thấp. ",
Lễ phục & Cung đình triều Nguyễn (Cận đại: 1802 – 1945),5,"Áo Tấc
(ngũ thân tay thụng)","Dành cho cả nam và nữ, không phân biệt đẳng cấp xã hội","- Là một loại trang phục đặc thù của thời Nguyễn, có lịch sử hình thành khoảng trên dưới 300 năm, gắn liền với công cuộc cải cách và định chế trang phục ở Đàng Trong của Chúa Nguyễn Phúc Khoát.
- Tương truyền, tên gọi “Áo Tấc” vốn bắt nguồn từ phần viền áo rộng đúng một tấc (khoảng 4cm)

Nguồn: Tạp chí Đông Nam Á","- Năm thân áo tượng trưng cho tứ thân phụ mẫu và bản thân người mặc. - Năm chiếc khuy áo tượng trưng cho quan điểm ngũ thường trong Nho giáo, cụ thể, năm chiếc khuy đại diện cho 5 đức tính của bậc nam nhi là: Nhân, lễ, nghĩa, trí, tín; hay quan điểm về ngũ luân, tức 5 mối quan hệ rường cột trong xã hội: Vua tôi, cha con, anh em, bạn bè, chồng vợ; thậm chí còn mang cả ý nghĩa về sự giao thoa của ngũ hành: Thổ, kim, thủy, mộc hỏa.

Nguồn: Cổ trang hoàng cung ","- Áo có phần tay dài rộng từ 30-50cm với chiều dài ống tay tính cộng theo từ cổ tay dài ra 40-50cm, không bó nách và có hình chữ nhật; tà áo thường dài không quá gối 10cm (phần nhiều trong khoảng 7-8cm). 
- Đây là kiểu áo may theo dáng áo viên lĩnh cổ tròn nhưng được nối thêm một dải vải đứng khoảng một tấc (4 cm) ôm lấy cổ áo. 
- Cổ áo dựng vuông và ôm khít vào cổ, và có 1 cúc ở chân cổ. 
- Khuy áo gồm 5 chiếc bố trí hình chữ “quảng”, làm bằng các vật liệu cứng (vàng, bạc, đồng, trân châu, ngà, đá…) và thường có màu đối lập với màu sắc áo để tạo nên sự nổi bật.

Nguồn: Cổ trang hoàng cung","- Ngày xưa, áo thường chỉ dùng trong các nghi lễ thuộc quan, hôn, tang, tế hay các dịp lễ hội lớn, ngày tết…, ít khi sử dụng hàng ngày trong đời sống bình thường.
- Từ khi chế độ quân chủ sụp đổ thì áo tấc cũng dần biến mất trong đời sống thường ngày, chỉ còn được sử dụng trong nghi lễ tế tự của một số địa phương, đặc biệt là ở Huế

Nguồn: Cổ trang hoàng cung","Áo Tấc thường đi kèm với khăn vấn (hoặc khăn đóng) đội đầu hay mũ tú tài đối với nam giới; mũ phượng, khăn vấn đối với nữ giới và mặc quần màu trắng, rộng (quần thụng)

Nguồn: Cổ trang hoàng cung ","- Quần phối kèm: quần tây hoặc lụa ống suông rộng cạp cao, màu trơn (trắng, đen, be). 
- Túi xách: Túi cầm tay dạng hộp, túi mây tre đan bọc da, hoặc túi da trơn tối giả, túi xách tay mini.
- Trang sức: khuyên tai nụ (ngọc trai, đá nhỏ), khuyên tai kim loại dáng dài dạng sợi mảnh, nhẫn ngọc bích bản trơn hoặc nhẫn kim loại thiết kế tối giản, đồng hồ mặt nhỏ, dây da hoặc dây kim loại thanh mảnh. 
- Phụ kiện tóc: trâm cài kim loại trơn, kẹp ngọc trai/kẹp kim loại. 
- Giày dép: giày cao gót mũi nhọn có gót nhọn hoặc gót vuông, giày sục (Mules) bít mũi.",
,6,Áo Nhật Bình,Dành cho nữ," Là loại áo Phi phong của triều Minh, được triều Nguyễn tiếp thu, cải cách thành kiểu áo Phi phong đối khâm với những nét riêng, rất đặc sắc.

Nguồn: CardinaVN","Gọi là “Nhật Bình” là do phần hoa văn ở cổ áo có dạng hình chữ nhật cùng 2 viền bên ngoài. Phần tay áo được thêu hoa văn dải ngũ sắc tượng trưng cho ngũ hành (Kim, Mộc, Thủy, Hỏa, Thổ).

Nguồn: Cổ trang hoàng cung ","- Nhật bình thuộc dạng thức áo đối khâm khoác bên ngoài áo dài tay chẽn hoặc áo tấc, được cài khuy chính giữa. Ngoài ra, nút áo tròn bằng ngọc điêu khắc tinh xảo dùng để trang trí chính là điểm đặc trưng của nhật bình so với áo phi phong nhà Minh.
-  Áo có phần cổ thiết kế hình chữ nhật to bản, hai vạt được cố định bằng dây buộc, khi mặc vào thì phần trước ngực được ghép lại thành một hình chữ nhật nên mới có tên là áo Nhật bình. Khắp thân áo thường được trang trí lộng lẫy bằng các hoa văn dạng tròn dạng phụng ổ, loan ổ đan xen với các hình hoa lá, chữ Phúc, chữ Thọ… đính kim tuyến lấp lánh. Các hoa văn trang trí được sắp xếp dựa vào cấp bậc, vai vế của người mặc.

Nguồn: Cổ trang hoàng cung ","Khi xưa, Nhật Bình chính là thường phục của bậc Hoàng Thái hậu, Hoàng hậu, Hoàng Quý phi và là lễ phục của các bậc từ Nhất giai phi đến Tứ giai tần, tùy phẩm cấp mà màu sắc và hoa văn có điểm khác biệt để phân định rõ ràng.

Nguồn: Cổ trang hoàng cung
","Đầu thời Nguyễn, áo Nhật bình thường phối với bộ xiêm y màu tuyết bạch, đội mũ phượng tùy theo thứ bậc. Nhưng từ cuối thế kỷ XIX trở về sau, áo Nhật bình được phối với quần màu trắng, đội khăn vành to bản. Và hình thức này còn được bảo lưu đến ngày nay, đồng thời màu sắc, hoa văn trang trí của áo Nhật bình cũng phong phú, đa dạng hơn để phù hợp với nhu cầu đa dạng của cộng đồng.

Nguồn: Cổ trang hoàng cung","- Quần, váy: Chân váy dập ly với màu sắc trơn (trắng, đen, đỏ hoặc tông màu ăn nhập với họa tiết áo), quần ống suông rộng) màu trắng, đen.
- Túi xách: Clutch dạng hộp cứng, các loại ví cầm tay dáng hộp vuông vắn bằng da trơn, nhung, hoặc khảm trai/đính đá nhẹ nhàng, túi xách tay nhỏ.
- Trang sức: 
+ Hoa tai: khuyên tai nụ bằng ngọc trai hoặc kim cương/đá sáng, hoặc sợi kim loại mảnh và ngắn.
+ Nhẫn trơn bản nhỏ, nhẫn ngọc, hoặc đồng hồ dây kim loại.
- Phụ kiện tóc: Mấn cách tân trơn màu, trâm cài tóc vàng hoặc bạc.
- Giày dép: Giày cao gót mũi nhọn bít mũi với các màu cơ bản như nude, đen, trắng hoặc đỏ rượu, giày đế xuồng.",
,7,Mãng Bào triều Nguyễn,"Nam giới (Hoàng tử, Hoàng thái tử, quan lại đại thần)",Được quy định nghiêm ngặt trong Khâm định Đại Nam hội điển sự lệ do Nội các triều Nguyễn biên soạn.,"Thể hiện tính tôn ti trật tự tuyệt đối trong hoàng tộc và bá quan văn võ triều Nguyễn. Nếu vua mặc ""Long bào"" (rồng 5 móng) thì các bậc thấp hơn chỉ được mặc ""Mãng bào"" (rồng 4 móng).","Nền áo may trên phom dáng tay thụng, cổ tròn (hoặc cổ lập lĩnh). Áo của Hoàng tử thêu 9 con rồng 4 móng (gọi là mãng). Áo đại triều của Hoàng thái tử thêu đồ án viên long và cá chép hóa rồng (lý ngư hóa long) bưng dâng chữ Thọ.","Lễ phục đại triều, dùng khi quan lại và vương tôn màng lên chầu vua, dự các đại lễ như tế Nam Giao, Vạn Thọ, thánh thọ quan trọng.","Mặc cùng quần lụa, chân đi hia, đầu đội mũ phốc đầu/cánh chuồn (mũ quan văn/võ có sức vàng, sức bạc tùy phẩm trật) hoặc mũ bình đính, thắt đai lưng khảm ngọc hoặc đồi mồi.","Để hiện đại hóa, bạn có thể khoác Mãng bào bên ngoài một chiếc áo len cổ lọ (turtleneck) tối màu và quần âu ống suông. Đi kèm một đôi chelsea boots da lộn sẽ mang lại vẻ ngoài lịch lãm, quyền lực mà không làm mất đi tính trang trọng.",
,8,Phượng bào triều Nguyễn,"Nữ giới (Hoàng thái hậu, Hoàng hậu, Phi tần bậc cao, Công chúa).","Quy định cụ thể qua các đời vua Gia Long, Minh Mạng, Thiệu Trị trong Khâm định Đại Nam hội điển sự lệ.","Là triều phục cao quý và lộng lẫy nhất dành cho bậc mẫu nghi thiên hạ, tượng trưng cho quyền lực, sự sinh sôi, đức hạnh của nữ giới hoàng tộc qua hình tượng chim phượng hoàng.","Kích thước áo rất rộng (sải tay có thể lên tới 230 cm). Áo thêu hình Cửu phượng (9 con chim phượng), xen kẽ họa tiết ngũ dơi (Ngũ phúc), sóng nước (thủy ba), tam sơn, mây trời. Màu sắc phân tầng nghiêm ngặt: Hoàng thái hậu dùng màu vàng, Hoàng hậu dùng màu cam, Vương phi và Công chúa dùng màu đỏ (hoa xích).","Mặc trong các dịp lễ tiết lớn bậc nhất của triều đình (Đại triều), nghi lễ tấu cáo lăng miếu, tiệc lớn trong cung đình.","Phối cùng dải xiêm rủ, chân đi hài/hia thêu phượng ngũ sắc. Đặc biệt trên đầu đội mũ Phượng (Thất phượng quan cho Trưởng công chúa, Ngũ phượng quan hoặc Cửu phượng quan tùy bậc), trang sức rủ tua rườm rà, trâm cài vàng nạm ngọc.","Thay vì mặc cùng bộ xiêm rủ và hài thêu phượng nguyên bản, bạn có thể dùng Phượng bào như một chiếc áo khoác ngoài (statement jacket). Hãy kết hợp cùng một chiếc đầm lụa trơn màu (như đen tuyền hoặc trắng tuyết bạch) dáng ôm nhẹ, đi kèm giày cao gót mũi nhọn và trang sức kim loại thanh mảnh.",
Cổ phục trung đại & Nghi lễ cổ xưa (Lý – Trần – Lê: Thế kỷ 11 – 18),9,Áo Giao Lĩnh,"Nam, Nữ","Phổ biến ở nước ta từ thời Lý, Trần cho đến thời Hậu Lê (thế kỷ 11 - 18). Triều đình Lê - Trịnh từng coi áo giao lĩnh là một ""quốc tục"" cần được duy trì trước những biến động văn hóa
Nguồn: Cổ Phong","Thể hiện ý thức về tư tưởng ""lễ nhạc y quan"" (quy củ về mũ áo, nghi lễ) của các triều đại tự chủ.
Nguồn: Gạo Nâu","""Giao lĩnh"" nghĩa là cổ áo giao nhau trước ngực, vạt bên trái đè lên vạt bên phải tạo thành hình chữ ""Y"". Áo của quý tộc may bằng lụa, the, đoạn với ống tay thụng lớn; dân thường mặc áo tay chẽn bằng vải thô, đũi để tiện lao động.
Nguồn: Tiểu luận CSVH: Đặc điểm và Thân phận Áo Giao Lĩnh Thời Lý-Trần","Được dùng làm cả thường phục (đời sống hằng ngày) và lễ phục, quan phục (tuỳ vào chất liệu và hoa văn).
Nguồn: Tiểu luận CSVH: Đặc điểm và Thân phận Áo Giao Lĩnh Thời Lý-Trần","Nữ giới thường mặc áo giao lĩnh thụng tay màu lục, thắt lưng lụa rủ dài và mặc cùng váy quây màu thâm/đen (thường đen). Nam giới mặc cùng quần ống rộng hoặc ""thường"", thắt đại đới (thắt lưng lụa) ngang eo. Đại Việt sử ký toàn thư từng chép Thượng hoàng Trần Minh Tông mặc áo giao lĩnh màu vàng bằng lụa là, thắt đai thao tiếp sứ giả.
Nguồn: Tiểu luận CSVH: Đặc điểm và Thân phận Áo Giao Lĩnh Thời Lý-Trần","Đặc trưng cốt lõi của Giao lĩnh là phần cổ chéo nhau trước ngực, trong đó vạt bên phải đè lên vạt bên trái tạo thành hình chữ ""y"". Dù phá cách đến đâu, việc giữ đúng chiều vạt áo này là quy tắc bắt buộc để không đi ngược lại văn hóa. Có thể phối Giao lĩnh cùng quần ống rộng hiện đại hoặc chân váy xếp ly dáng dài thay cho váy quây thâm đen cổ điển. Đi kèm một đôi giày sneaker đế chun (chunky sneaker) và túi đeo chéo nhỏ sẽ mang lại nét năng động.",
,10,"Áo Đối Khâm
(Trực lĩnh khoác ngoài)","Nam, Nữ","Có nguồn gốc từ phương Đông từ rất sớm, đỉnh cao phát triển là vào thời Đường - Tống. Tại Việt Nam, đến thời Lê Trung Hưng, áo đối khâm đã được sử dụng tương đối rộng rãi ở cả trong cung đình và dân gian.
Nguồn: Thanh Phong","Không chỉ là một kiểu cắt may đặc trưng mà còn là nền tảng hình thành nên nhiều loại y phục khác, giúp hậu thế nhìn nhận rõ những nét giao thoa văn hóa khu vực và bản sắc riêng trong trang phục cổ Việt Nam.
Nguồn: Cổ Phục Gấm Hoa","Đặc trưng của áo là hai vạt áo trước ngực chạy song song đối xứng nhau chứ không vắt chéo. Áo thường được cố định bằng nút gài ở chính giữa ngực hoặc dùng dải vải để buộc, đôi khi dải buộc buông thõng mở phanh vạt áo. Phần cổ áo có thể cắt theo dạng cổ thẳng (trực lĩnh đối khâm), cổ vuông (phương lĩnh) hoặc cổ đứng (thụ lĩnh).
Nguồn: WordPress.com","Được sử dụng làm tiện phục thoải mái trong đời sống sinh hoạt hoặc làm áo khoác ngoài cho nhiều tầng lớp xã hội.
Nguồn: Thanh Phong","Đối với nữ giới hậu phi trong cung, có một kiểu tiện phục quen thuộc là không khoác áo cài kín mà chỉ mặc một chiếc nội y (như yếm) bên trong, sau đó choàng thêm chiếc áo đối khâm mở vạt bên ngoài. Nam giới cũng dùng làm áo khoác ngoài để lộ lớp áo lót bên trong, mặc cùng quần thụng.
Nguồn: WordPress.com","Với thiết kế hai vạt trước ngực chạy song song đối xứng, Đối khâm cực kỳ linh hoạt để làm tiện phục hoặc áo khoác ngoài. Bạn có thể để buông thõng (mở phanh) vạt áo, khoác ngoài áo thun trơn (hoặc crop-top cho nữ giới khi dạo phố) phối cùng quần jeans ống rộng. Nhấn nhá thêm bằng túi tote canvas, vòng cổ chocker và mũ bucket.",
,11,"Áo Viên Lĩnh
(Đoàn Lĩnh/Bàn Lĩnh)","Nam, Nữ vua chúa, quý tộc, quan lại","Tại Việt Nam, áo viên lĩnh (cổ tròn) đã được sử dụng rộng khắp từ vua chúa đến dân thường trong suốt thời kỳ triều Lý và triều Trần và tiếp tục được bảo lưu đến tận triều Nguyễn.
Nguồn: WordPress.com","Đại diện cho tính chuẩn mực, tính tôn nghiêm và là hình mẫu của lễ phục cung đình qua nhiều triều đại.
Nguồn: Cổ Phục Gấm Hoa","Áo viên lĩnh (hay bàn lĩnh, đoàn lĩnh) có phần cổ áo được cắt tròn ép sát vào vòng cổ của người mặc, vạt áo cài sang bên nách phải. Bên trong thân áo vẫn giữ cấu trúc dùng dải gút để buộc lại tương tự như áo giao lĩnh. Chiều dài áo có thể là vạt ngắn (ngang đầu gối) hoặc vạt dài phủ chấm gót.
Nguồn: Áo dài Cô Sáu","Hầu hết áo bào dùng để thiết triều của vua quan Việt Nam từ triều Lý đến triều Nguyễn đều là kiểu áo viên lĩnh. Ngoài ra, loại áo này còn được dùng làm áo quái khoác cho nhạc công, vũ công cung đình. Trong dân gian, phiên bản thường phục của viên lĩnh được dân thường dùng cho các dịp quan trọng.
Nguồn: Ngàn năm áo mũ","Để mặc đúng quy chuẩn lễ phục, áo viên lĩnh được dùng làm áo khoác ngoài, lót bên trong là một chiếc áo trung đơn (thường có dạng giao lĩnh). Vào triều Nguyễn, quan lại mặc triều phục viên lĩnh kết hợp đi giày da mũi cong (hài/hia), thắt đai quanh bụng và đội mũ cánh chuồn hoặc mũ phốc đầu. Đối với nữ giới thời xưa, áo viên lĩnh vạt ngắn thường được mặc và quây váy (thường) ra bên ngoài thân áo.
Nguồn: WordPress.com","Với phần cổ tròn cắt sát vòng cổ và vạt cài sang nách phải, Viên lĩnh đại diện cho sự chuẩn mực, nghiêm trang. Thay vì mặc cùng áo trung đơn bên trong, Gen Z có thể phối Viên lĩnh cùng một chiếc áo sơ mi hiện đại có cổ bẻ và quần jeans ống đứng, đi kèm giày lười (loafers).",
,12,"Áo Tứ Điên
(biến thể của Viên Lĩnh)","Nam, Nữ bình dân","Ghi nhận rõ nét nhất vào thời Lý. Học giả Mã Đoan Lâm (Trung Quốc) đã miêu tả chi tiết về loại áo này của người Việt.
Nguồn: Cổ Phong","Phản ánh tập tục ăn mặc tối giản, đề cao tính thực dụng trong lao động và đời sống sinh hoạt của lớp người bình dân thời Lý, đồng thời cho thấy kỹ thuật dệt nhuộm thủ công sơ khai (chủ yếu nhuộm thâm/đen).
Nguồn: Gạo Nâu","Đây là dạng áo sam màu đen, cổ tròn (viên lĩnh) may bó sát vào người, thân áo xẻ thành bốn vạt (tương tự như áo bối tử của Trung Hoa) nên được gọi là ""áo tứ điên"" (tứ: bốn).
Nguồn: Tiểu luận CSVH: Đặc điểm và Thân phận Áo Giao Lĩnh Thời Lý-Trần","Là tiện phục, thường phục mặc hàng ngày của dân chúng (tầng lớp bị trị) và binh lính thời Lý.
Nguồn: Tiểu luận CSVH: Đặc điểm và Thân phận Áo Giao Lĩnh Thời Lý-Trần","Nam nữ ngày thường đều mặc phần trên là áo tứ điên cổ tròn bó sát, phần dưới vận ""thường"" (một dạng váy quây/váy đụp) màu đen, đi chân đất hoặc mang dép da, đầu búi tóc.
Nguồn: Tấm Shop - Hồ Nguyệt Quán","Vốn là thường phục tối giản, mang tính thực dụng cao của tầng lớp bình dân thời Lý, áo có bản viên lĩnh bó sát và xẻ thành 4 vạt. Tứ điên rất hợp phối cùng quần linen form rộng hoặc quần short lửng cho các hoạt động ngoài trời, kết hợp cùng giày thể thao. Tuy nhiên, một nguyên tắc văn hóa nghiêm ngặt cần nhớ là tuyệt đối không mặc áo tứ điên phối cùng các loại quần áo rách (như jeans rách tơi tả) khi đi đến những không gian tôn nghiêm như đền, chùa.",